;"LECHE Y DERIVADOS";;;;;;;;;;;;;;;;;;;;;;;;;;;;;;;;;;;;;
3;"leche";"pasteurizada";100;50;89,5;3,4;2,5;3,9;0;0,7;120;95;0,3;120;29;0,04;0,18;0,1;1;275;;138;246,1;9,4;6,9;10,7;0,0;1,9;330;261;0,8;330;80;0,11;0,50;0,3;3;
5;"leche en polvo";"completa";;407;5,3;25,2;25;38,2;0;6,3;940;745;0,8;1200;288;0,26;1,42;0,6;4;;;0;0,0;0,0;0,0;0,0;0,0;0,0;0;0;0,0;0;0;0,00;0,00;0,0;0;
"Medellín 5";"leche baja en grasa";"1%, pasteurizada";100;42;90,1;3,3;1,1;4,8;0;0,7;123;96;0,1;205;59;0,04;0,17;0,1;1;;;0;0,0;0,0;0,0;0,0;0,0;0,0;0;0;0,0;0;0;0,00;0,00;0,0;0;
"Alquería";"leche deslactosada";"semidescremada";100;46;;3;1,5;5;0;;120;95;0,3;120;29;0,04;0,18;0,1;1;;;0;0,0;0,0;0,0;0,0;0,0;0,0;0;0;0,0;0;0;0,00;0,00;0,0;0;
8;"leche condensada";;100;321;27;8,1;8,4;54,8;0;1,7;270;230;0,2;400;96;0,05;0,39;0,2;1;;;0;0,0;0,0;0,0;0,0;0,0;0,0;0;0;0,0;0;0;0,00;0,00;0,0;0;
18;"crema de leche";;100;204;72,5;2,9;20;4;0;0,6;95;75;0,1;800;192;0,03;0,14;0,1;1;;;0;0,0;0,0;0,0;0,0;0,0;0,0;0;0;0,0;0;0;0,00;0,00;0,0;0;
19;"cuajada";;100;256;57,5;15,6;18,9;6,1;0;1,9;490;270;1,5;800;192;0,02;0,46;0,8;0;;;0;0,0;0,0;0,0;0,0;0,0;0,0;0;0;0,0;0;0;0,00;0,00;0,0;0;
20;"kumis";;100;76;80,5;3,5;0,4;14,9;0;0,7;106;56;0,1;0;0;0,03;0,17;0;1;;;0;0,0;0,0;0,0;0,0;0,0;0,0;0;0;0,0;0;0;0,00;0,00;0,0;0;
21;"yogur";;100;94;78,9;2,9;2,9;14,6;0;0,7;111;64;0,3;0;0;0,04;0,2;0;3;;;0;0,0;0,0;0,0;0,0;0,0;0,0;0;0;0,0;0;0;0,00;0,00;0,0;0;
22;"queso duro";"con crema";100;387;37;25;31;2;0;5;800;600;0,8;1600;384;0,04;0,5;0,2;0;;;0;0,0;0,0;0,0;0,0;0,0;0,0;0;0;0,0;0;0;0,00;0,00;0,0;0;
23;"queso duro";"semi-descremado";100;341;36;34;21;3;0;6;700;500;1;800;192;0,1;0,5;0,2;0;;;0;0,0;0,0;0,0;0,0;0,0;0,0;0;0;0,0;0;0;0,00;0,00;0,0;0;
24;"queso semiblando";"con crema";100;280;50,3;21,7;19;5,1;0;3,9;690;380;0,7;1400;336;0,02;0,4;0,1;0;;;0;0,0;0,0;0,0;0,0;0,0;0,0;0;0;0,0;0;0;0,00;0,00;0,0;0;
25;"queso semiblando";"descremado";100;155;55,3;28,2;4,8;6,3;0;5,4;800;500;1,3;40;10;0,04;0,49;0,1;0;30;;47;16,6;8,5;1,4;1,9;0,0;1,6;240;150;0,4;12;3;0,01;0,15;0,0;0;
26;"queso blando";"con crema";100;145;70;15;7;5;0;3;350;250;0,5;600;144;0,02;0,3;0,1;0;;;0;0,0;0,0;0,0;0,0;0,0;0,0;0;0;0,0;0;0;0,00;0,00;0,0;0;
27;"queso blando";"descremado";100;128;69;26;1;2;0;2;400;400;1;20;5;0,05;0,6;0,1;0;;;0;0,0;0,0;0,0;0,0;0,0;0,0;0;0;0,0;0;0;0,00;0,00;0,0;0;
"Anexo 1";"queso parmesano";;;393;30;36;26;2,9;0;5,1;1140;781;0,4;1060;;0,02;0,73;0,2;0;;;0;0,0;0,0;0,0;0,0;0,0;0,0;0;0;0,0;0;0;0,00;0,00;0,0;0;
773;"queso crema para untar";;100;277;0;12,7;21,9;7,2;0;0;394;790;2,1;0;0;0,02;0,02;0,1;0;;;0;0,0;0,0;0,0;0,0;0,0;0,0;0;0;0,0;0;0;0,00;0,00;0,0;0;
;"CARNES";;;;;;;;;;;;;;;;;;;;;0;0,0;0,0;0,0;0,0;0,0;0,0;0;0;0,0;0;0;0,00;0,00;0,0;0;
28;"carne de res";"magra";;150;71;21,5;6,5;0;0;1,1;6;215;2,7;0;;0,08;0,23;5,1;0;;;0;0,0;0,0;0,0;0,0;0,0;0,0;0;0;0,0;0;0;0,00;0,00;0,0;0;
30;"carne de res";"semigorda";;232;63,4;18,7;16,9;0;0;1;6;210;3,1;0;;0,06;0,17;4,3;0;;;0;0,0;0,0;0,0;0,0;0,0;0,0;0;0;0,0;0;0;0,00;0,00;0,0;0;
31;"carne de res";"gorda";;298;57,7;16;25,4;0;0;0,9;8;210;2,6;0;;0,06;0,16;3,2;0;;;0;0,0;0,0;0,0;0,0;0,0;0,0;0;0;0,0;0;0;0,00;0,00;0,0;0;
34;"carne de cerdo ";"magra";;186;68,5;18,5;11,9;0;0;1,1;5;220;2;0;;0,71;0,25;2,8;0;;;0;0,0;0,0;0,0;0,0;0,0;0,0;0;0;0,0;0;0;0,00;0,00;0,0;0;
35;"carne de cerdo ";"semigorda";;248;62,8;16,5;19,7;0;0;1;5;180;2;0;;0,76;0,22;2,4;0;;;0;0,0;0,0;0,0;0,0;0,0;0,0;0;0;0,0;0;0;0,00;0,00;0,0;0;
36;"carne de cerdo";"gorda";;291;58,2;16,3;24,5;0;0;1;6;190;1,5;0;;0,79;0,19;2,1;0;;;0;0,0;0,0;0,0;0,0;0,0;0,0;0;0;0,0;0;0;0,00;0,00;0,0;0;
37;"carne de cerdo";"muy gorda ";;406;47,5;12,6;39,1;0;0;0,8;6;150;1,4;0;;0,42;0,17;2;0;;;0;0,0;0,0;0,0;0,0;0,0;0,0;0;0;0,0;0;0;0,00;0,00;0,0;0;
38;"carne de cordero";"magra";;170;70,1;19,3;9,5;0;0;1,1;7;180;2,2;0;0;0,09;0,21;2,9;0;;;0;0,0;0,0;0,0;0,0;0,0;0,0;0;0;0,0;0;0;0,00;0,00;0,0;0;
39;"carne de cordero";"semigorda";;253;61,4;18,2;19,4;0;0;1;7;190;2,5;0;0;0,07;0,15;2;0;;;0;0,0;0,0;0,0;0,0;0,0;0,0;0;0;0,0;0;0;0,00;0,00;0,0;0;
41;"carne de cordero";"muy gorda ";;351;51,9;14,4;32,8;0;0;0,9;5;160;2,2;0;0;0,07;0,19;2,2;0;;;0;0,0;0,0;0,0;0,0;0,0;0,0;0;0;0,0;0;0;0,00;0,00;0,0;0;
42;"carne de ternera";"magra";;180;69;19,2;10,8;0;0;1;11;208;2,9;0;0;0,18;0,27;6,3;0;;;0;0,0;0,0;0,0;0,0;0,0;0,0;0;0;0,0;0;0;0,00;0,00;0,0;0;
45;"gallina";;60;303;55,9;18;25;0;0;1,1;14;200;1,5;0;0;0,08;0,16;8;0;;;0;0,0;0,0;0,0;0,0;0,0;0,0;0;0;0,0;0;0;0,00;0,00;0,0;0;
46;"pollo";;60;178;68,6;20,2;10,2;0;0;1;14;200;1,5;0;;0,08;0,16;9;0;150;;267;102,9;30,3;15,3;0,0;0,0;1,5;21;300;2,3;0;0;0,12;0,24;13,5;0;
;"PESCADOS";;;;;;;;;;;;;;;;;;;;;0;0,0;0,0;0,0;0,0;0,0;0,0;0;0;0,0;0;0;0,00;0,00;0,0;0;
47;"pescado bagre";;85;184;68,9;18,9;11,4;0;0;0,8;20;200;0,6;0;;0,02;0,1;2;0;;;0;0,0;0,0;0,0;0,0;0,0;0,0;0;0;0,0;0;0;0,00;0,00;0,0;0;
48;"pescado de mar";"magro ";50;100;77;20,5;1,4;0;0;1,1;22;200;0,5;0;;0,05;0,1;2,8;0;;;0;0,0;0,0;0,0;0,0;0,0;0,0;0;0;0,0;0;0;0,00;0,00;0,0;0;
49;"pescado de rio";"magro ";50;101;78,4;17,9;2,7;0;0;1;20;180;0,7;0;;0,03;0,08;3;0;;;0;0,0;0,0;0,0;0,0;0,0;0,0;0;0;0,0;0;0;0,00;0,00;0,0;0;
50;"pescado seco";;;358;12,3;77,9;2,8;0;0;7;50;891;3,6;0;0;0,08;0,45;10,9;0;;;0;0,0;0,0;0,0;0,0;0,0;0,0;0;0;0,0;0;0;0,00;0,00;0,0;0;
;"MARISCOS";;;;;;;;;;;;;;;;;;;;;0;0,0;0,0;0,0;0,0;0,0;0,0;0;0;0,0;0;0;0,00;0,00;0,0;0;
52;"camarón";"carne cocida ";50;109;74;35,5;1;0;0;1,5;100;200;3;0;0;0,01;0,03;2;0;;;0;0,0;0,0;0,0;0,0;0,0;0,0;0;0;0,0;0;0;0,00;0,00;0,0;0;
54;"langosta";"carne  ";35;88;79,2;16,2;1,9;0,5;0;2,2;61;180;0,6;0;0;0,13;0,06;1,9;0;;;0;0,0;0,0;0,0;0,0;0,0;0,0;0;0;0,0;0;0;0,00;0,00;0,0;0;
;"VÍSCERAS";;;;;;;;;;;;;;;;;;;;;0;0,0;0,0;0,0;0,0;0,0;0,0;0;0;0,0;0;0;0,00;0,00;0,0;0;
58;"callo o menudo";"cocido";100;125;68,8;24,7;1,9;0,7;0;3,9;5;104;2,7;0;;0,03;0,16;1,6;0;;;0;0,0;0,0;0,0;0,0;0,0;0,0;0;0;0,0;0;0;0,00;0,00;0,0;0;
68;"hígado de res";"tejido blando";100;136;71,7;20;4,5;2,3;0;1,5;9;340;6;30000;8404;0,2;3,2;9;30;;;0;0,0;0,0;0,0;0,0;0,0;0,0;0;0;0,0;0;0;0,00;0,00;0,0;0;
69;"hígado de res";"cocido y frito";100;218;56;25,9;11;2,1;0;5;6;414;13,6;36000;10089;0,21;4,32;10,8;27;;;0;0,0;0,0;0,0;0,0;0,0;0,0;0;0;0,0;0;0;0,00;0,00;0,0;0;
70;"lengua de res";"tejido blando";95;165;71;16,5;10,3;0,5;0;0,7;9;150;1,5;0;0;0,09;0,36;2,8;0;;;0;0,0;0,0;0,0;0,0;0,0;0,0;0;0;0,0;0;0;0,00;0,00;0,0;0;
;"EMBUTIDOS";;;;;;;;;;;;;;;;;;;;;0;0,0;0,0;0,0;0,0;0,0;0,0;0;0;0,0;0;0;0,00;0,00;0,0;0;
81;"butifarra";;100;183;70,2;13,8;12,9;2,1;0;1;10;44;3,7;10;3;0,12;0,28;2,1;0;;;0;0,0;0,0;0,0;0,0;0,0;0,0;0;0;0,0;0;0;0,00;0,00;0,0;0;
82;"chorizo";;100;313;51,5;20,6;25;0;0,6;2,3;28;103;6,7;0;0;0,12;0,28;2,5;0;;;0;0,0;0,0;0,0;0,0;0,0;0,0;0;0;0,0;0;0;0,00;0,00;0,0;0;
83;"hamburguesa";;100;148;65,5;9,6;5,7;14,5;1,5;3,2;65;190;3;15;4;0,66;0,3;5,8;0;;;0;0,0;0,0;0,0;0,0;0,0;0,0;0;0;0,0;0;0;0,00;0,00;0,0;0;
84;"jamón";"magro crudo";100;147;72;20,4;6,6;0;0;1;12;238;3,1;0;0;0,66;0,3;5,8;0;;;0;0,0;0,0;0,0;0,0;0,0;0,0;0;0;0,0;0;0;0,00;0,00;0,0;0;
"Anexo 1";"mortadela";;100;315;48,9;20,4;25;0,6;0;5,1;12;238;3,1;0;;0,03;0,12;2,4;0;;;0;0,0;0,0;0,0;0,0;0,0;0,0;0;0;0,0;0;0;0,00;0,00;0,0;0;
85;"salchichas";;100;259;58,8;14,9;20,5;2,7;0;3,1;8;100;1,5;0;;0,18;0,19;2,8;0;;;0;0,0;0,0;0,0;0,0;0,0;0,0;0;0;0,0;0;0;0,00;0,00;0,0;0;
86;"salchichón";;100;450;29,8;23,8;38,3;1,2;0;7,1;14;283;3,6;0;0;0,37;0,25;5,3;0;;;0;0,0;0,0;0,0;0,0;0,0;0,0;0;0;0,0;0;0;0,00;0,00;0,0;0;
87;"caldo de carne";"Maggi  cubos";100;260;2,9;13,5;15,8;15,4;1,1;51,3;220;275;2;100;28;0,61;0,29;4;0;;;0;0,0;0,0;0,0;0,0;0,0;0,0;0;0;0,0;0;0;0,00;0,00;0,0;0;
88;"caldo de gallina";"Maggi  cubos";100;288;3;19,3;17,3;12,8;1;46,6;216;260;1,8;280;66;0,6;0,28;4,2;0;;;0;0,0;0,0;0,0;0,0;0,0;0,0;0;0;0,0;0;0;0,00;0,00;0,0;0;
"Anexo 1";"caldo de cubos";;;19;93,7;2,8;0,1;1,5;0;1,9;10;59;1;0;0;0;0;0;0;;;0;0,0;0,0;0,0;0,0;0,0;0,0;0;0;0,0;0;0;0,00;0,00;0,0;0;
;"CONSERVAS DE PESCADO";;;;;;;;;;;;;;;;;;;;;0;0,0;0,0;0,0;0,0;0,0;0,0;0;0;0,0;0;0;0,00;0,00;0,0;0;
89;"atún";"con aceite";100;269;55,4;24;18,5;0;0;2,1;8;230;1,2;200;56;0,04;0,14;10,2;0;;;0;0,0;0,0;0,0;0,0;0,0;0,0;0;0;0,0;0;0;0,00;0,00;0,0;0;
91;"salmón enlatado";;100;156;68,7;21,4;7,2;0;0;2,7;200;300;0,7;100;28;0,03;0,16;7,4;0;;;0;0,0;0,0;0,0;0,0;0,0;0,0;0;0;0,0;0;0;0,00;0,00;0,0;0;
92;"sardinas enlatadas";"en aceite";100;339;47,1;21,1;27;1;0;3,8;350;430;3,5;100;28;0,01;0,14;4;0;;;0;0,0;0,0;0,0;0,0;0,0;0,0;0;0;0,0;0;0;0,00;0,00;0,0;0;
93;"sardinas enlatadas";"salsa de tomate";100;216;63,1;17,8;14,8;1,6;0;2,7;380;400;4,1;0;;0,01;0,17;5,3;0;;;0;0,0;0,0;0,0;0,0;0,0;0,0;0;0;0,0;0;0;0,00;0,00;0,0;0;
;"HUEVO";;;;;;;;;;;;;;;;;;;;;0;0,0;0,0;0,0;0,0;0,0;0,0;0;0;0,0;0;0;0,00;0,00;0,0;0;
94;"huevo entero";"sin cáscara";90;163;74;12,8;11,5;0,7;0;1;54;210;2,7;1100;264;0,1;0,29;0,1;0;69;;112;51,1;8,8;7,9;0,5;0,0;0,7;37;145;1,9;759;182;0,07;0,20;0,1;0;
95;"clara de huevo";;100;50;87,8;10,8;0;0,8;0;0,6;6;17;0,2;0;0;0;0,26;0,1;0;;;0;0,0;0,0;0,0;0,0;0,0;0,0;0;0;0,0;0;0;0,00;0,00;0,0;0;
96;"yema de huevo";;100;362;49,4;16,3;31,9;0,7;0;1,7;147;580;7,2;3200;769;0,27;0,35;0;0;;;0;0,0;0,0;0,0;0,0;0,0;0,0;0;0;0,0;0;0;0,00;0,00;0,0;0;
;"LEGUMINOSAS";;;;;;;;;;;;;;;;;;;;;0;0,0;0,0;0,0;0,0;0,0;0,0;0;0;0,0;0;0;0,00;0,00;0,0;0;
97;"arveja verde";"grano entero";40;116;66;8,2;0,3;21,1;3;1;36;110;2,4;220;22;0,36;0,12;2,2;20;;;0;0,0;0,0;0,0;0,0;0,0;0,0;0;0;0,0;0;0;0,00;0,00;0,0;0;
98;"fríjol verde";"grano entero";50;151;58,2;10,5;0,4;27,2;1,8;1,9;67;220;3,3;40;4;0,39;0,08;1,4;16;;;0;0,0;0,0;0,0;0,0;0,0;0,0;0;0;0,0;0;0;0,00;0,00;0,0;0;
99;"habas verdes";"grano entero";60;130;65,7;9,9;0,3;18,3;4,5;1,3;50;190;2;100;10;0,29;0,15;1,6;20;;;0;0,0;0,0;0,0;0,0;0,0;0,0;0;0;0,0;0;0;0,00;0,00;0,0;0;
100;"arveja seca";"seca";100;308;12,4;23,9;0,8;54;6,5;2,4;60;270;4,6;220;22;0,78;0,16;3,1;2;;;0;0,0;0,0;0,0;0,0;0,0;0,0;0;0;0,0;0;0;0,00;0,00;0,0;0;
116;"fríjol rojo";".........                             ";100;302;14,8;20,4;1,2;54,6;5;4;100;430;7,1;0;;0,43;0,12;1,9;3;;;0;0,0;0,0;0,0;0,0;0,0;0,0;0;0;0,0;0;0;0,00;0,00;0,0;0;
120;"garbanzo ";"grano entero";100;339;13;19,6;5,5;55,7;3,4;2,8;150;300;6,4;0;0;0,48;0,11;1,4;1;;;0;0,0;0,0;0,0;0,0;0,0;0,0;0;0;0,0;0;0;0,00;0,00;0,0;0;
121;"habas ";;100;297;14;23,1;1,8;49,8;8,4;2,9;90;420;4,9;0;;0,61;0,17;2,5;2;;;0;0,0;0,0;0,0;0,0;0,0;0,0;0;0;0,0;0;0;0,00;0,00;0,0;0;
122;"lentejas";;100;315;12,6;23,5;0,6;56,5;4,4;2,4;70;370;9,5;0;;0,5;0,18;1,8;0;;;0;0,0;0,0;0,0;0,0;0,0;0,0;0;0;0,0;0;0;0,00;0,00;0,0;0;
124;"mani";"tostado";98;577;2,7;29,6;50,4;12,8;1,8;;40;410;1,8;0;;0,3;0,13;16;0;;;0;0,0;0,0;0,0;0,0;0,0;0,0;0;0;0,0;0;0;0,00;0,00;0,0;0;
127;"soya";"grano entero";100;366;9,5;34;16,1;27,9;7,3;5,2;210;500;8,9;40;4;0,77;0,15;2,2;0;;;0;0,0;0,0;0,0;0,0;0,0;0,0;0;0;0,0;0;0;0,00;0,00;0,0;0;
133;"leche de soya";"atomizada";100;472;3,4;37,9;30;21,9;0,7;6,1;329;6,97;5,9;33;3;0,91;0,26;1,5;0;;;0;0,0;0,0;0,0;0,0;0,0;0,0;0;0;0,0;0;0;0,00;0,00;0,0;0;
134;"leche de soya";"líquida";100;30;92,7;3,8;1;2,1;0;0,4;18;20;0,3;40;4;0,05;0,04;0,2;0;;;0;0,0;0,0;0,0;0,0;0,0;0,0;0;0;0,0;0;0;0,00;0,00;0,0;0;
"etiqueta";"Soy plus sin lactosa";"polvo";100;489;;26,5;25,6;38,3;;;913,8;822;8,4;3105,6;;;1,1;;8,2;;;0;0,0;0,0;0,0;0,0;0,0;0,0;0;0;0,0;0;0;0,00;0,00;0,0;0;
;"MEZCLAS VEGETALES";;;;;;;;;;;;;;;;;;;;;0;0,0;0,0;0,0;0,0;0,0;0,0;0;0;0,0;0;0;0,00;0,00;0,0;0;
135;"Bienestarina";;;319;9,7;26;1,4;58,2;1,4;3,3;512;766;14,1;2000;200;1,99;0,5;9,7;27;;;0;0,0;0,0;0,0;0,0;0,0;0,0;0;0;0,0;0;0;0,00;0,00;0,0;0;
;"HORTALIZAS Y VERDURAS";;;;;;;;;;;;;;;;;;;;;0;0,0;0,0;0,0;0,0;0,0;0,0;0;0;0,0;0;0;0,00;0,00;0,0;0;
142;"pimiento morrón rojo";"sin semillas";85;24;92,3;0,8;0,2;5,1;1,1;0,5;11;31;0,7;7800;780;0,05;0,07;1,1;160;;;0;0,0;0,0;0,0;0,0;0,0;0,0;0;0;0,0;0;0;0,00;0,00;0,0;0;
143;"zanahoria";"sin cáscara";85;36;88,9;0,7;0,1;8,4;1,1;0,8;33;28;0,6;7000;700;0,04;0,04;0,4;3;;;0;0,0;0,0;0,0;0,0;0,0;0,0;0;0;0,0;0;0;0,00;0,00;0,0;0;
144;"auyama";;65;39;88,3;0,9;0,4;8,4;1,1;0,9;26;87;0,3;3400;340;0,08;0,05;0,7;4;;;0;0,0;0,0;0,0;0,0;0,0;0,0;0;0;0,0;0;0;0,00;0,00;0,0;0;
146;"guascas";"hojas sin venas";35;42;86,1;3,2;0,5;7;1,3;1,9;245;45;1,1;3200;320;0,11;0,27;2,1;30;;;0;0,0;0,0;0,0;0,0;0,0;0,0;0;0;0,0;0;0;0,00;0,00;0,0;0;
147;"espinaca";"hoja sin venas";60;27;89,7;3,5;0,3;3,3;1,1;2,1;118;50;4,1;2500;250;0,16;0,23;0,7;30;;;0;0,0;0,0;0,0;0,0;0,0;0,0;0;0;0,0;0;0;0,00;0,00;0,0;0;
149;"acelga";"hoja sin venas";85;26;90;2,4;0,2;4,3;1;2,1;112;52;2,9;1800;180;0,07;0,15;0,4;30;;;0;0,0;0,0;0,0;0,0;0,0;0,0;0;0;0,0;0;0;0,00;0,00;0,0;0;
150;"tomate";;80;17;94,3;0,9;0,1;3,3;0,8;0,6;7;19;0,7;1100;110;0,05;0,02;0,6;20;90;;15;84,9;0,8;0,1;3,0;0,7;0,5;6;17;0,6;990;99;0,05;0,02;0,5;18;
"Anexo 1";"salsa de tomate";;;97;68,6;2;0,4;24,9;0,5;3,6;22;50;0,8;1400;140;0,09;0,07;1,6;15;;;0;0,0;0,0;0,0;0,0;0,0;0,0;0;0;0,0;0;0;0,00;0,00;0,0;0;
151;"repollo";"hojas verdes sin venas";85;24;90,8;2,2;0,1;4,1;1,5;1,3;344;46;1,4;1100;110;0,06;0,17;1,2;100;;;0;0,0;0,0;0,0;0,0;0,0;0,0;0;0;0,0;0;0;0,00;0,00;0,0;0;
152;"pepino cohombro";;75;9;96,7;0,5;0,1;1,8;0,5;0,4;7;30;0,3;20;2;0,02;0,02;0,1;8;109;;10;105,4;0,5;0,1;2,0;0,5;0,4;8;33;0,3;22;2;0,02;0,02;0,1;9;
153;"lechuga común";;55;13;95,1;1,1;0,2;1,9;1;0,7;44;42;1;260;26;0,1;0,06;0,5;20;;;0;0,0;0,0;0,0;0,0;0,0;0,0;0;0;0,0;0;0;0,00;0,00;0,0;0;
155;"hongos, champignones";;100;22;94,5;1,5;1,2;2,2;0;0,6;6;39;0,8;0;;0,12;0,37;7,8;4;;;0;0,0;0,0;0,0;0,0;0,0;0,0;0;0;0,0;0;0;0,00;0,00;0,0;0;
156;"lechuga romana";"hojas tiernas";55;13;94,8;1,1;0,1;2,3;1;0,7;30;30;1,6;290;29;0,1;0,07;0,3;6;;;0;0,0;0,0;0,0;0,0;0,0;0,0;0;0;0,0;0;0;0,00;0,00;0,0;0;
157;"pepino";"de rellenar";90;13;95,3;0,6;0,1;2,6;0,7;0,7;11;32;0,6;30;3;0,04;0,05;0,2;5;;;0;0,0;0,0;0,0;0,0;0,0;0,0;0;0;0,0;0;0;0,00;0,00;0,0;0;
159;"aceitunas";"encurtido";100;128;75,8;1,2;13,6;3,1;1,7;4,6;36;5;1,7;291;29;0,03;0,01;0;0;;;0;0,0;0,0;0,0;0,0;0,0;0,0;0;0;0,0;0;0;0,00;0,00;0,0;0;
160;"rabano rojo";"con cáscara";90;15;94,7;0,8;0,1;3;0,7;0,7;32;24;0,8;0;0;0,03;0,03;0,3;20;;;0;0,0;0,0;0,0;0,0;0,0;0,0;0;0;0,0;0;0;0,00;0,00;0,0;0;
163;"brócoli";;40;30;88,9;4;0,3;3,7;1,9;1,2;106;137;1,1;750;75;0,07;0,14;0,9;100;;;0;0,0;0,0;0,0;0,0;0,0;0,0;0;0;0,0;0;0;0,00;0,00;0,0;0;
164;"berenjena";"fruto sin cáscar";75;19;92,6;1;0;3,9;2;0,5;17;29;0,4;0;0;0,08;0,05;1;5;;;0;0,0;0,0;0,0;0,0;0,0;0,0;0;0;0,0;0;0;0,00;0,00;0,0;0;
165;"apio";"tallos sin hojas";50;20;92,8;0,7;0,1;4,3;0,9;1,2;70;33;0,6;0;0;0,03;0,06;0,3;4;;;0;0,0;0,0;0,0;0,0;0,0;0,0;0;0;0,0;0;0;0,00;0,00;0,0;0;
166;"calabaza";"fruto sin cáscar";90;20;93,9;0,8;0;4,5;0,4;0,4;13;29;0,3;0;0;0,03;0,03;0,3;16;;;0;0,0;0,0;0,0;0,0;0,0;0,0;0;0;0,0;0;0;0,00;0,00;0,0;0;
167;"alcaparras";"encurtido";100;27;78,6;2,3;0,6;4,6;1,2;12,7;66;8;4,2;11;1;0,04;0,15;0;0;;;0;0,0;0,0;0,0;0,0;0,0;0,0;0;0;0,0;0;0;0,00;0,00;0,0;0;
"Anexo 1";"aceitunas";;;296;41;2,2;22,4;28,8;1,5;4,1;67;63;7,4;0;0;0,03;0,24;1;0;;;0;0,0;0,0;0,0;0,0;0,0;0,0;0;0;0,0;0;0;0,00;0,00;0,0;0;
168;"repollo-hojas blanca";"hojas tiernas";70;26;91,8;1,4;0,4;4,6;1;0,8;35;26;1;20;2;0,05;0,04;0,4;40;;;0;0,0;0,0;0,0;0,0;0,0;0,0;0;0;0,0;0;0;0,00;0,00;0,0;0;
170;"coliflor";;80;29;89,7;3;0,1;4,8;1,4;1;44;70;0,7;20;2;0,12;0,08;0,7;30;;;0;0,0;0,0;0,0;0,0;0,0;0,0;0;0;0,0;0;0;0,00;0,00;0,0;0;
171;"pimiento morrón verde";"fruto sin semillas";80;23;93,7;0,9;0,1;4,9;1;0,4;8;24;0,6;200;20;0,04;0,04;0,7;150;;;0;0,0;0,0;0,0;0,0;0,0;0,0;0;0;0,0;0;0;0,00;0,00;0,0;0;
173;"hab ichuela";;90;29;90;2,1;0;5,5;1,6;0,7;60;54;1;170;17;0,06;0,09;0,7;10;;;0;0,0;0,0;0,0;0,0;0,0;0,0;0;0;0,0;0;0;0,00;0,00;0,0;0;
178;"remolacha";;80;42;87,2;1,4;0;9,6;0,8;1;18;28;1;0;;0,03;0,07;0,2;6;;;0;0,0;0,0;0,0;0,0;0,0;0,0;0;0;0,0;0;0;0,00;0,00;0,0;0;
181;"cubios";;95;58;83,4;1,6;0,1;13,1;0,9;0,9;7;49;0,7;0;;0,05;0,04;0,6;120;;;0;0,0;0,0;0,0;0,0;0,0;0,0;0;0;0,0;0;0;0,00;0,00;0,0;0;
184;"cebolla puerro";"tallos sin hojas";95;60;82,4;1,6;0,1;13,7;1,4;0,8;86;51;0,8;0;0;0,07;0,05;0,5;12;;;0;0,0;0,0;0,0;0,0;0,0;0,0;0;0;0,0;0;0;0,00;0,00;0,0;0;
185;"maíz tierno o choclo";;60;136;64,2;4,7;1,2;27,8;1,2;0,9;12;120;0,8;20;2;0,13;0,1;1,6;10;;;0;0,0;0,0;0,0;0,0;0,0;0,0;0;0;0,0;0;0;0,00;0,00;0,0;0;
;"FRUTAS";;;;;;;;;;;;;;;;;;;;;0;0,0;0,0;0,0;0,0;0,0;0,0;0;0;0,0;0;0;0,00;0,00;0,0;0;
187;"guayaba blanca";"cáscara y pulpa sin semillas";75;36;86;0,9;0,1;9,5;2,8;0,7;15;22;0,6;0;0;0,03;0,03;0,6;240;;;0;0,0;0,0;0,0;0,0;0,0;0,0;0;0;0,0;0;0;0,00;0,00;0,0;0;
188;"guayaba rosada";"cáscara y pulpa sin semillas";75;36;86;0,9;0,1;9,5;2,8;0,7;17;30;0,7;400;40;0,05;0,03;0,6;200;;;0;0,0;0,0;0,0;0,0;0,0;0,0;0;0;0,0;0;0;0,00;0,00;0,0;0;
190;"mango";;60;58;81,8;0,5;0,1;16,4;0,7;0,5;10;14;0,4;1100;110;0,04;0,07;0,4;80;;;0;0,0;0,0;0,0;0,0;0,0;0,0;0;0;0,0;0;0;0,00;0,00;0,0;0;
191;"papaya";;70;30;90;0,5;0,1;8,1;0,8;0,5;25;12;0,3;700;70;0,03;0,02;0,3;75;;;0;0,0;0,0;0,0;0,0;0,0;0,0;0;0;0,0;0;0;0,00;0,00;0,0;0;
192;"curuba";"pulpa y jugo";45;16;93,5;0,7;0,1;3,9;1,2;0,6;10;11;0,3;100;10;0,02;0,03;0,6;70;;;0;0,0;0,0;0,0;0,0;0,0;0,0;0;0;0,0;0;0;0,00;0,00;0,0;0;
193;"papayuela";"pulpa sin semillas";45;16;93,5;0,7;0,1;3,9;1,2;0,6;10;11;0,3;100;10;0,02;0,03;0,6;70;;;0;0,0;0,0;0,0;0,0;0,0;0,0;0;0;0,0;0;0;0,00;0,00;0,0;0;
195;"fresas";;95;32;89,9;0,8;0,5;6,9;1,4;0,5;28;27;0,8;30;2;0,03;0,07;0,3;60;;;0;0,0;0,0;0,0;0,0;0,0;0,0;0;0;0,0;0;0;0,00;0,00;0,0;0;
196;"naranja";"pulpa";60;35;89;0,7;0,1;9;0,7;0,5;19;22;0,4;0;;0,08;0,03;0,3;60;344;;120;306,2;2,4;0,3;31,0;2,4;1,7;65;76;1,4;0;0;0,28;0,10;1,0;206;
197;"naranja";"jugo de";35;25;92,3;0,4;0;6,9;0;0,4;10;15;0,3;0;;0,06;0,02;0,2;50;;;0;0,0;0,0;0,0;0,0;0,0;0,0;0;0;0,0;0;0;0,00;0,00;0,0;0;
200;"toronja ";"pulpa sin semillas";60;30;90,3;0,7;0,1;7,5;0,9;0,5;27;32;0,5;0;0;0,06;0,02;0,2;40;;;0;0,0;0,0;0,0;0,0;0,0;0,0;0;0;0,0;0;0;0,00;0,00;0,0;0;
204;"maracuyá";"pulpa sin semillas";;49;85,9;1,5;0,5;11;0,4;0,7;9;21;1,7;1730;173;0,01;0,17;0,8;20;;;0;0,0;0,0;0,0;0,0;0,0;0,0;0;0;0,0;0;0;0,00;0,00;0,0;0;
205;"uchuva";;;49;85,9;1,5;0,5;11;0,4;0,7;9;21;1,7;1730;173;0,01;0,17;0,8;20;;;0;0,0;0,0;0,0;0,0;0,0;0,0;0;0;0,0;0;0;0,00;0,00;0,0;0;
207;"mandarina";"pulpa y jugo";70;38;88,8;0,7;0,1;9,5;0,5;0,4;24;19;0,2;1000;100;0,11;0,03;0,3;24;;;0;0,0;0,0;0,0;0,0;0,0;0,0;0;0;0,0;0;0;0,00;0,00;0,0;0;
208;"tomate de árbol";"pulma sin cáscara";60;30;89,7;1,4;0,1;7;1,1;0,7;6;22;0,4;1000;100;0,05;0,03;1,1;25;;;0;0,0;0,0;0,0;0,0;0,0;0,0;0;0;0,0;0;0;0,00;0,00;0,0;0;
210;"durazno amarillo";"pulpa con cáscara";85;48;85;1;0,1;12;1;0,9;10;35;0,8;900;90;0,04;0,03;0,5;30;;;0;0,0;0,0;0,0;0,0;0,0;0,0;0;0;0,0;0;0;0,00;0,00;0,0;0;
"Anexo 1";"durazno enlaltado";;;55;84,1;;;;;;;;;;;;;;;;;0;0,0;0,0;0,0;0,0;0,0;0,0;0;0;0,0;0;0;0,00;0,00;0,0;0;
211;"banano pacífico";"pulpa madura";65;96;71,2;1,1;0,2;25,2;1,2;1,1;6;22;0,4;900;90;0,04;0,04;0,6;15;;;0;0,0;0,0;0,0;0,0;0,0;0,0;0;0;0,0;0;0;0,00;0,00;0,0;0;
212;"melón";"pulpa sin semillas";50;11;95,9;0,6;0;2,6;0,4;0,5;5;14;0,3;400;40;0,02;0,02;0,6;23;;;0;0,0;0,0;0,0;0,0;0,0;0,0;0;0;0,0;0;0;0,00;0,00;0,0;0;
214;"patilla";"pulpa sin semillas";40;12;95,7;0,4;0;3,4;0,3;0,2;4;5;0,3;300;30;0,02;0,01;0,1;7;;;0;0,0;0,0;0,0;0,0;0,0;0,0;0;0;0,0;0;0;0,00;0,00;0,0;0;
215;"melón pequeño";"pulpa sin semillas";60;16;94,6;0,3;0;4,1;0,5;0,5;13;14;0,2;130;13;0,02;0,01;0,4;22;;;0;0,0;0,0;0,0;0,0;0,0;0,0;0;0;0,0;0;0;0,00;0,00;0,0;0;
216;"moras";;90;23;93,3;0,6;0,1;5,6;0;0,4;18;14;1,2;0;;0,02;0,04;0,4;15;;;0;0,0;0,0;0,0;0,0;0,0;0,0;0;0;0,0;0;0;0,00;0,00;0,0;0;
218;"lulo";"jugo de";60;23;92,5;0,6;0,1;5,7;0,3;0,8;8;12;0,6;600;60;0,04;0,04;1,5;25;;;0;0,0;0,0;0,0;0,0;0,0;0,0;0;0;0,0;0;0;0,00;0,00;0,0;0;
219;"limón";"jugo de";50;26;91,8;0,3;0,3;6,3;1;0,3;13;14;0,4;0;;0,02;0,02;0,1;25;;;0;0,0;0,0;0,0;0,0;0,0;0,0;0;0;0,0;0;0;0,00;0,00;0,0;0;
223;"uva blanca";"pulpa sin semillas-cáscara";90;31;90,5;0,5;0;8,1;0,5;0,4;6;20;0,4;0;0;0,03;0,01;0,1;5;;;0;0,0;0,0;0,0;0,0;0,0;0,0;0;0;0,0;0;0;0,00;0,00;0,0;0;
224;"pera";;85;32;88,9;0,2;0,1;8,5;2;0,3;5;11;0,3;0;;0,02;0,01;0,2;9;;;0;0,0;0,0;0,0;0,0;0,0;0,0;0;0;0,0;0;0;0,00;0,00;0,0;0;
226;"higo";"pulpa sin semillas";50;34;90,3;0,5;0;9;0;0,2;11;11;0,4;0;0;0;0;0,3;15;;;0;0,0;0,0;0,0;0,0;0,0;0,0;0;0;0,0;0;0;0,00;0,00;0,0;0;
228;"pitahaya";"roja";55;36;89,4;0,5;0,1;9,2;0,3;0,5;6;19;0,4;0;;0,01;0,03;0,2;25;;;0;0,0;0,0;0,0;0,0;0,0;0,0;0;0;0,0;0;0;0,00;0,00;0,0;0;
230;"uva negra";"pulpa sin semillas-cáscara";90;36;89,2;0,4;0;9,6;0,5;0,3;8;10;0,4;0;;0,03;0,01;0,1;8;;;0;0,0;0,0;0,0;0,0;0,0;0,0;0;0;0,0;0;0;0,00;0,00;0,0;0;
"Anexo 1";"uvas pasas";;100;285;18;2,5;0,2;76,5;0,9;1,9;62;101;3,5;20;2;0,11;0,08;0,5;1;;;0;0,0;0,0;0,0;0,0;0,0;0,0;0;0;0,0;0;0;0,00;0,00;0,0;0;
236;"ciruela tierra fría";"pulpa sin semillas";95;41;87,8;0,6;0,1;10,6;0,5;0,4;17;24;0,4;20;2;0,06;0,02;0,4;8;;;0;0,0;0,0;0,0;0,0;0,0;0,0;0;0;0,0;0;0;0,00;0,00;0,0;0;
237;"coco";"leche o zumo";;357;48,5;3,5;35,8;11,2;0;1;22;101;2,1;0;0;0,1;0,01;0,2;1;;;0;0,0;0,0;0,0;0,0;0,0;0,0;0;0;0,0;0;0;0,00;0,00;0,0;0;
238;"granadilla";"jugo sin semillas";30;46;86;1,1;0,1;11,6;0,3;0,9;7;30;0,8;0;0;0;0,1;2,1;;;;0;0,0;0,0;0,0;0,0;0,0;0,0;0;0;0,0;0;0;0,00;0,00;0,0;0;
240;"feijoa";;;46;82,6;0,9;0;11,9;1;3,6;36;16;0,7;0;;0,04;0,04;1;4;;;0;0,0;0,0;0,0;0,0;0,0;0,0;0;0;0,0;0;0;0,00;0,00;0,0;0;
242;"guanábana";"pulpa sin semillas";70;52;83,4;1,1;0,2;13;1,6;0,7;22;28;0,4;0;0;0,04;0,07;0,9;25;;;0;0,0;0,0;0,0;0,0;0,0;0,0;0;0;0,0;0;0;0,00;0,00;0,0;0;
243;"piña";"jugo de";;53;85,9;0,3;0,1;13;0,2;0,5;15;8;0,5;80;8;0,05;0,02;0,2;9;;;0;0,0;0,0;0,0;0,0;0,0;0,0;0;0;0,0;0;0;0,00;0,00;0,0;0;
245;"pitahaya";"amarilla";55;50;85,4;0,4;0,1;13,2;0,5;0,4;10;16;0,3;0;;0,03;0,04;0,2;4;;;0;0,0;0,0;0,0;0,0;0,0;0,0;0;0;0,0;0;0;0,00;0,00;0,0;0;
246;"piña";"pulpa";55;51;85,1;0,4;0,1;13,5;0,5;0,4;21;10;0,4;0;;0,09;0,03;0,2;12;;;0;0,0;0,0;0,0;0,0;0,0;0,0;0;0;0,0;0;0;0,00;0,00;0,0;0;
249;"manzana";;85;57;82,7;0,3;0,2;15;1,5;0,3;16;10;0,3;0;;0,05;0,02;0,2;10;;;0;0,0;0,0;0,0;0,0;0,0;0,0;0;0;0,0;0;0;0,00;0,00;0,0;0;
250;"pomarrosa";;65;60;81,8;0,6;0,2;15,6;1,3;0,5;35;16;0,3;400;40;0,02;0,03;0,7;25;;;0;0,0;0,0;0,0;0,0;0,0;0,0;0;0;0,0;0;0;0,00;0,00;0,0;0;
252;"mamoncillo";"pulpa sin semillas";35;73;77,4;1;0,2;19;2;0,4;15;20;0,6;70;7;0,03;0,02;0,9;3;;;0;0,0;0,0;0,0;0,0;0,0;0,0;0;0;0,0;0;0;0,00;0,00;0,0;0;
253;"ciruela com{un";;20;79;76,2;1;0,1;20,8;1;0,9;20;30;0,5;140;14;0,08;0,02;0,5;30;;;0;0,0;0,0;0,0;0,0;0,0;0,0;0;0;0,0;0;0;0,00;0,00;0,0;0;
"Anexo 1";"ciruelas pasas";;;249;28;2,1;0,6;65,8;1,6;1,9;51;79;3,9;1600;160;0,09;0,17;1,6;3;;;0;0,0;0,0;0,0;0,0;0,0;0,0;0;0;0,0;0;0;0,00;0,00;0,0;0;
254;"banano";;70;84;74,8;1,2;0,1;22;1;0,9;6;25;0,5;220;22;0,04;0,03;0,7;10;;;0;0,0;0,0;0,0;0,0;0,0;0,0;0;0;0,0;0;0;0,00;0,00;0,0;0;
256;"cerezas";"pulpa sin semillas-cáscara";50;87;74,1;1,2;0,1;22,8;0,9;0,9;40;30;1;200;20;0,04;0,04;1,5;30;;;0;0,0;0,0;0,0;0,0;0,0;0,0;0;0;0,0;0;0;0,00;0,00;0,0;0;
263;"aguacate";;60;127;79,7;1,6;13,3;3;1,6;0,8;10;40;0,4;30;3;0,05;0,12;1,4;8;;;0;0,0;0,0;0,0;0,0;0,0;0,0;0;0;0,0;0;0;0,00;0,00;0,0;0;
264;"coco";"pulpa madura";45;274;53,9;3,6;27;10,2;4,2;1,1;7;80;1,3;0;0;0,05;0,02;0,5;5;;;0;0,0;0,0;0,0;0,0;0,0;0,0;0;0;0,0;0;0;0,00;0,00;0,0;0;
267;"tamarindo";"pulpa concentrada";45;280;18,4;5,4;0,5;61,3;11,9;2,5;81;86;1,1;0;0;0,2;0,19;2,5;20;;;0;0,0;0,0;0,0;0,0;0,0;0,0;0;0;0,0;0;0;0,00;0,00;0,0;0;
;"CEREALES Y DERIVADOS";;;;;;;;;;;;;;;;;;;;;0;0,0;0,0;0,0;0,0;0,0;0,0;0;0;0,0;0;0;0,00;0,00;0,0;0;
269;"arroz";"blanco pulido";100;359;12,2;7,8;0,4;78,8;0,3;0,5;9;140;0,8;0;;0,07;0,03;1,3;0;;;0;0,0;0,0;0,0;0,0;0,0;0,0;0;0;0,0;0;0;0,00;0,00;0,0;0;
270;"arroz integral";"grano entero";100;341;11,5;8,6;1;77;0,8;1,1;10;380;2;0;;0,25;0,06;5,3;0;;;0;0,0;0,0;0,0;0,0;0,0;0,0;0;0;0,0;0;0;0,00;0,00;0,0;0;
272;"avena nacional";"grano entero aplastado";100;348;11,5;11;6;68,3;1,7;1,5;55;320;8;0;;0,46;0,11;1,2;0;;;0;0,0;0,0;0,0;0,0;0,0;0,0;0;0;0,0;0;0;0,00;0,00;0,0;0;
275;"cebada perlada";"grano entero";100;359;11,4;9;0,7;76,8;1;1,1;36;480;1,7;0;0;0,27;0,06;4,8;1;;;0;0,0;0,0;0,0;0,0;0,0;0,0;0;0;0,0;0;0;0,00;0,00;0,0;0;
276;"maís amarillo de Bogotá";"grano entero";100;324;15,8;7,5;4,1;69,6;1,6;1,4;6;295;2,7;60;6;0,31;0,1;2,3;0;;;0;0,0;0,0;0,0;0,0;0,0;0,0;0;0;0,0;0;0;0,00;0,00;0,0;0;
277;"maiz amarillo de Caldas";"grano entero";100;317;16,6;8,3;3,2;68,9;1,6;1,4;9;280;2,1;590;59;0,4;0,1;1,7;1;;;0;0,0;0,0;0,0;0,0;0,0;0,0;0;0;0,0;0;0;0,00;0,00;0,0;0;
283;"maiz pira";;100;335;12,5;8,7;3,8;71,8;2;1,2;12;245;2,4;0;;0,39;0,1;1,8;1;;;0;0,0;0,0;0,0;0,0;0,0;0,0;0;0;0,0;0;0;0,00;0,00;0,0;0;
302;"almojábana bogotana";;100;288;41,3;13;12,3;30,1;0,5;2,8;320;330;2,2;0;0;0,08;0,4;0,9;0;;;0;0,0;0,0;0,0;0,0;0,0;0,0;0;0;0,0;0;0;0,00;0,00;0,0;0;
303;"almojábana vallecaucana";;100;381;29,1;17,5;14,7;46,1;0,5;4,1;500;340;2,2;0;0;0,04;0,4;0,1;0;;;0;0,0;0,0;0,0;0,0;0,0;0,0;0;0;0,0;0;0;0,00;0,00;0,0;0;
"Anexo 1";"buñuelo";"harina de trigo";;327;18,5;10,1;3,2;66,4;0,1;1,7;36;89;2;20;2;0,13;0,09;1,1;0;;;0;0,0;0,0;0,0;0,0;0,0;0,0;0;0;0,0;0;0;0,00;0,00;0,0;0;
304;"arepa";"de maíz amarillo";100;140;62,5;7,2;0,5;28,8;0,3;0,7;13;38;3,6;120;12;0,01;0,03;0,8;0;;;0;0,0;0,0;0,0;0,0;0,0;0,0;0;0;0,0;0;0;0,00;0,00;0,0;0;
305;"arepa plana delgada";;100;185;54,8;3,8;0,6;40,2;0,5;0,1;3;32;0,8;0;;0,03;0,02;0,2;0;;;0;0,0;0,0;0,0;0,0;0,0;0,0;0;0;0,0;0;0;0,00;0,00;0,0;0;
306;"arepa plana semigruesa";;100;146;64,1;3,4;0,3;31,6;0,5;0,1;2;18;0,4;0;;0,02;0,01;0,1;0;;;0;0,0;0,0;0,0;0,0;0,0;0,0;0;0;0,0;0;0;0,00;0,00;0,0;0;
307;"arepa redonda";"maiz blanco trillado";100;173;57,5;4,1;0,5;37,3;0,5;0,1;3;25;0,8;0;;0,03;0,01;0,1;0;;;0;0,0;0,0;0,0;0,0;0,0;0,0;0;0;0,0;0;0;0,00;0,00;0,0;0;
308;"arepa ";"frita";100;306;44,1;3,4;20,3;31,6;0,5;0,1;2;18;0,4;0;0;0,02;0,01;0,1;0;;;0;0,0;0,0;0,0;0,0;0,0;0,0;0;0;0,0;0;0;0,00;0,00;0,0;0;
317;"corn flakes";;100;382;3,6;8,1;0,4;84,4;0,6;2,9;11;58;1,3;0;;0,04;0,1;1,6;0;;;0;0,0;0,0;0,0;0,0;0,0;0,0;0;0;0,0;0;0;0,00;0,00;0,0;0;
"etiqueta";"all-bran flakes";"integral + uvas pasas";100;330;;9;2;69;10;;;;;;;;;;;;;0;0,0;0,0;0,0;0,0;0,0;0,0;0;0;0,0;0;0;0,00;0,00;0,0;0;
320;"Frescavena Quaker";;100;395;3,2;7,2;3,5;82,8;0,7;2,6;410;168;9,1;0;;1,3;0,7;8,3;0;;;0;0,0;0,0;0,0;0,0;0,0;0,0;0;0;0,0;0;0;0,00;0,00;0,0;0;
321;"galletas ";"de soda";100;443;6;10,3;21,8;56;1;4,9;238;192;1,1;0;;0,1;0,06;0,5;0;;;0;0,0;0,0;0,0;0,0;0,0;0,0;0;0;0,0;0;0;0,00;0,00;0,0;0;
"Anexo 1";"galletas saltinas";;;415;4,3;9;12;71,1;0,4;3,2;21;90;1,2;0;0;0,01;0,04;1;0;;;0;0,0;0,0;0,0;0,0;0,0;0,0;0;0;0,0;0;0;0,00;0,00;0,0;0;
322;"galletas waffers";;100;454;4,7;6;19,5;67,8;0,9;1,1;125;50;2,3;31;3;0,15;0,15;1,8;22;;;0;0,0;0,0;0,0;0,0;0,0;0,0;0;0;0,0;0;0;0,00;0,00;0,0;0;
"Anexo 1";"galletas de dulce";;;425;3;6;12,7;74,9;0,4;3;22;65;0,6;0;0;0,04;0,04;0,5;0;;;0;0,0;0,0;0,0;0,0;0,0;0,0;0;0;0,0;0;0;0,00;0,00;0,0;0;
"Medellín 678 ";"galletas integrales";;100;443;2,7;8,8;17,2;68,6;;2,7;50;295;3,1;0;;0,2;0,1;4,5;0;;;0;0,0;0,0;0,0;0,0;0,0;0,0;0;0;0,0;0;0;0,00;0,00;0,0;0;
323;"hojaldre";;100;363;10;2,4;2;85,3;0,2;0,1;14;43;2,4;173;17;0,01;0,06;0,3;0;;;0;0,0;0,0;0,0;0,0;0,0;0,0;0;0;0,0;0;0;0,00;0,00;0,0;0;
"Medellín 669 ";"croissant";"mantequilla";100;406;23,2;8,2;21;45,8;;1,6;37;105;2;744;186;0,39;0,24;2,2;0;;;0;0,0;0,0;0,0;0,0;0,0;0,0;0;0;0,0;0;0;0,00;0,00;0,0;0;
325;"mantecada";;100;387;18,4;7,9;16,3;56;0,6;0,8;88;41;1,5;45;4;0,04;0,12;0,5;0;;;0;0,0;0,0;0,0;0,0;0,0;0,0;0;0;0,0;0;0;0,00;0,00;0,0;0;
328;"mezcla";"para pancakes";100;325;12,8;12,8;0,6;68,7;0,8;4,3;560;970;4;0;0;0,39;0,08;0,7;0;;;0;0,0;0,0;0,0;0,0;0,0;0,0;0;0;0,0;0;0;0,00;0,00;0,0;0;
329;"mogolla";;100;315;22,3;9,7;4,5;57,7;3,5;2,3;15;62;3;0;;0,28;0,23;0,4;0;;;0;0,0;0,0;0,0;0,0;0,0;0,0;0;0;0,0;0;0;0,00;0,00;0,0;0;
330;"mojicón";;100;300;24,5;8,5;1,9;63,9;0,6;0,6;25;66;0,5;0;;0;0,08;0,4;0;;;0;0,0;0,0;0,0;0,0;0,0;0,0;0;0;0,0;0;0;0,00;0,00;0,0;0;
331;"pan blanco";;100;337;19,2;9;3,4;66,1;0,6;1,7;30;120;2,4;0;;0,13;0,07;1,3;0;40;;135;7,7;3,6;1,4;26,4;0,2;0,7;12;48;1,0;0;0;0,05;0,03;0,5;0;
332;"pan de bono";;100;347;20;15,8;10,1;49,8;0,9;3,4;450;221;7,3;0;0;0,07;0,45;1;0;;;0;0,0;0,0;0,0;0,0;0,0;0,0;0;0;0,0;0;0;0,00;0,00;0,0;0;1
335;"pan de queso";"maíz y queso";100;280;32,5;10,4;7;45,8;0,8;3,5;214;275;2;25;2;0,14;0,3;0,9;0;;;0;0,0;0,0;0,0;0,0;0,0;0,0;0;0;0,0;0;0;0,00;0,00;0,0;0;
336;"pan de yuca bobotano";;100;347;23,5;15,8;12,2;45;0,5;3;550;380;1,2;0;0;0,05;0,52;0,1;0;;;0;0,0;0,0;0,0;0,0;0,0;0,0;0;0;0,0;0;0;0,00;0,00;0,0;0;
337;"pan integral";;100;249;35,3;8,1;2;51;1,7;1,9;50;220;4,5;0;;0,2;0,1;1,9;0;;;0;0,0;0,0;0,0;0,0;0,0;0,0;0;0;0,0;0;0;0,00;0,00;0,0;0;
338;"pan mogolla";;100;301;23;7,9;1,9;64,4;1;1,8;35;130;2,5;0;0;0,13;0,09;1,3;0;;;0;0,0;0,0;0,0;0,0;0,0;0,0;0;0;0,0;0;0;0,00;0,00;0,0;0;
340;"pastas alimenticias";"de semolina";100;350;14,5;10,7;0,4;73,6;0,3;0,5;25;120;3,7;0;0;0,13;0,04;0,7;0;;;0;0,0;0,0;0,0;0,0;0,0;0,0;0;0;0,0;0;0;0,00;0,00;0,0;0;
343;"ponqué";;100;356;29,7;5,3;19,3;44,3;0,4;1;91;112;1,1;42;4;0,09;0,06;0,2;0;;;0;0,0;0,0;0,0;0,0;0,0;0,0;0;0;0,0;0;0;0,00;0,00;0,0;0;
"Porcion. 103";"chocorramo";"72 g   1 unidad";;268;21,4;3,8;13,9;31,9;0,3;0,7;65;81;0,8;1;;0,06;0,04;0;0;;;0;0,0;0,0;0,0;0,0;0,0;0,0;0;0;0,0;0;0;0,00;0,00;0,0;0;
346;"rosquillas ";"de maíz  ";100;341;19,3;12,1;7,6;58,2;0,9;1,9;33;108;5,1;104;10;0,12;0,18;1;0;;;0;0,0;0,0;0,0;0,0;0,0;0,0;0;0;0,0;0;0;0,00;0,00;0,0;0;
347;"tostadas o calados";;100;378;5,6;10,4;3,9;77,5;0,8;1,8;35;139;2,8;0;;0,15;0,08;1,15;0;30;;113;1,7;3,1;1,2;23,3;0,2;0,5;11;42;0,8;0;0;0,05;0,02;0,3;0;
"Medellín 636 ";"salvado de trigo";;100;216;9,9;15,6;4,3;64,5;42,8;5,8;73;1013;10,6;0;;0,52;0,58;13,6;0;;;0;0,0;0,0;0,0;0,0;0,0;0,0;0;0;0,0;0;0;0,00;0,00;0,0;0;
;"TUBÉRCULOS Y PLÁTANOS";;;;;;;;;;;;;;;;;;;;;0;0,0;0,0;0,0;0,0;0,0;0,0;0;0;0,0;0;0;0,00;0,00;0,0;0;
349;"arracacha amarilla";"cabeza sin cáscara";80;100;72,6;0,9;0,1;24,1;1,1;1,2;28;70;0,8;230;23;0,07;0,09;4,8;20;;;0;0,0;0,0;0,0;0,0;0,0;0,0;0;0;0,0;0;0;0,00;0,00;0,0;0;
350;"aracacha amarilla";"raíces sin cáscara";85;100;72,8;0,9;0,1;24;1;1,2;26;60;0,7;190;19;0,06;0,04;2,8;20;;;0;0,0;0,0;0,0;0,0;0,0;0,0;0;0;0,0;0;0;0,00;0,00;0,0;0;
358;"papa común";"sin cáscara";80;91;75,4;1,9;0,1;21,1;0,5;1;2;28;1;0;;0,08;0,08;0,9;16;;;0;0,0;0,0;0,0;0,0;0,0;0,0;0;0;0,0;0;0;0,00;0,00;0,0;0;
359;"papa común";"con cáscara";100;84;76,7;1,9;0,1;19,3;1;1;4;26;1,1;0;;0,08;0,09;1;20;;;0;0,0;0,0;0,0;0,0;0,0;0,0;0;0;0,0;0;0;0,00;0,00;0,0;0;
"Anexo 1";"papa frita";;100;562;1,8;5,3;39,8;48,4;1,6;3,1;40;139;1,8;0;0;0,21;0,07;4,8;16;;;0;0,0;0,0;0,0;0,0;0,0;0,0;0;0;0,0;0;0;0,00;0,00;0,0;0;
"Medellin 1154";"papas francesa";;100;342;35,4;4,3;18,4;39,8;0;2,1;14;129;0,8;0;;0,08;0,04;2,9;12;;;0;0,0;0,0;0,0;0,0;0,0;0,0;0;0;0,0;0;0;0,00;0,00;0,0;0;
360;"papa criolla";"con cáscara";100;83;75,5;2,5;0,1;18,7;2,2;1;7;54;0,6;20;2;0,08;0,06;2,5;15;;;0;0,0;0,0;0,0;0,0;0,0;0,0;0;0;0,0;0;0;0,00;0,00;0,0;0;
363;"yuca";;80;146;61,8;0,8;0,1;35,5;0,9;0,9;27;35;0,4;10;1;0,04;0,03;0,5;30;;;0;0,0;0,0;0,0;0,0;0,0;0,0;0;0;0,0;0;0;0,00;0,00;0,0;0;
369;"colí o guineo verde";"pulpa";60;113;67,4;1,7;0,1;29,5;0,4;0,9;4;38;0,3;160;16;0,04;0,02;0,4;15;;;0;0,0;0,0;0,0;0,0;0,0;0,0;0;0;0,0;0;0;0,00;0,00;0,0;0;
372;"hartón verde";;65;142;59,4;1,2;0,2;37,8;0,5;0,9;4;39;0,5;1060;106;0,06;0,04;0,5;20;;;0;0,0;0,0;0,0;0,0;0,0;0,0;0;0;0,0;0;0;0,00;0,00;0,0;0;
373;"hartón maduro";;60;137;60,8;1,1;0,2;36,3;0,6;1;5;30;0,5;540;54;0,07;0,03;0,5;15;240;;329;145,9;2,6;0,5;87,1;1,4;2,4;12;72;1,2;1296;130;0,17;0,07;1,2;36;
381;"Maizena";;100;347;13,5;0,6;0,2;85,2;0,4;0,1;8;16;3;0;0;0;0,02;0;0;;;0;0,0;0,0;0,0;0,0;0,0;0,0;0;0;0,0;0;0;0,00;0,00;0,0;0;
;"AZÚCARES Y DULCES";;;;;;;;;;;;;;;;;;;;;0;0,0;0,0;0,0;0,0;0,0;0,0;0;0;0,0;0;0;0,00;0,00;0,0;0;
382;"arroz de leche";;;66;82;3,3;0,1;13,7;0,2;0,7;92;65;0,4;0;;0,1;0,05;0;0;;;0;0,0;0,0;0,0;0,0;0,0;0,0;0;0;0,0;0;0;0,00;0,00;0,0;0;
383;"azúcar";"sacarosa de caña";100;384;0,5;0;0;99,3;0;0,2;0;0;0,1;0;;0;0;0;0;;;0;0,0;0,0;0,0;0,0;0,0;0,0;0;0;0,0;0;0;0,00;0,00;0,0;0;
384;"bocadillo veleño";"jalea de guayaba con azúcar";100;308;20,1;0,3;0,1;79;0;0,5;25;17;1,2;40;4;0,02;0,03;1;80;;;0;0,0;0,0;0,0;0,0;0,0;0,0;0;0;0,0;0;0;0,00;0,00;0,0;0;
386;"chocolate";"pastilla con azúcar";100;441;3,1;3,8;16,8;74,1;1;1,2;46;150;2,8;20;2;0,05;0,09;0,5;0;15;;66;0,5;0,6;2,5;11,1;0,2;0,2;7;23;0,4;3;0;0,01;0,01;0,1;0;
388;"chocolate";"con azucar y leche";100;438;1,7;7,5;15,8;72,3;1,1;1,6;139;155;2,2;51;9;0,17;0,42;0,5;0;;;0;0,0;0,0;0,0;0,0;0,0;0,0;0;0;0,0;0;0;0,00;0,00;0,0;0;
389;"chocolate bolas";"con panela";100;393;6,2;4,2;10,2;75,8;1,7;1,9;37;106;4;0;0;0,06;0,45;2,2;0;;;0;0,0;0,0;0,0;0,0;0,0;0,0;0;0;0,0;0;0;0,00;0,00;0,0;0;
391;" gelatina";"polvo con azúcar";100;384;1,6;9,4;0;88,7;0;0,3;0;0;0;0;0;0;0;0;0;;;0;0,0;0,0;0,0;0,0;0,0;0,0;0;0;0,0;0;0;0,00;0,00;0,0;0;
392;"gelatina preparada ";;100;66;83,1;1,6;0;15,2;0,1;0,1;0;0;0;0;;0;0;0;0;;;0;0,0;0,0;0,0;0,0;0,0;0,0;0;0;0,0;0;0;0,00;0,00;0,0;0;
394;"manjar blanco";"comercial";;322;15,9;6,1;0,3;75,7;0;2;190;191;0,4;10;2;0,03;0,3;2,2;0;;;0;0,0;0,0;0,0;0,0;0,0;0,0;0;0;0,0;0;0;0,00;0,00;0,0;0;
395;"manjar del Valle";;;354;16,4;7,1;7,3;67;0;2,2;242;201;0,5;12;3;0,05;0,35;0,4;0;;;0;0,0;0,0;0,0;0,0;0,0;0,0;0;0;0,0;0;0;0,00;0,00;0,0;0;
"Anexo 1";"arequipe";;;369;15,9;9,3;9,7;63,1;0;2;314;262;0,2;495;139;0,06;0,45;0,2;0;;;0;0,0;0,0;0,0;0,0;0,0;0,0;0;0;0,0;0;0;0,00;0,00;0,0;0;
397;"mermelada";;100;276;28;0,5;0,3;70,5;0,6;0,4;12;12;0,3;0;;0,02;0,02;0,2;0;;;0;0,0;0,0;0,0;0,0;0,0;0,0;0;0;0,0;0;0;0,00;0,00;0,0;0;
398;"miel de abejas";;100;312;19,3;0,6;0,2;79,8;0;0,1;25;10;0,8;0;0;0;0,04;0,3;0;;;0;0,0;0,0;0,0;0,0;0,0;0,0;0;0;0,0;0;0;0,00;0,00;0,0;0;
400;"panela";;100;312;12,3;0,5;0,1;86;0;1,1;80;60;2,4;0;;0,02;0,07;0,3;3;;;0;0,0;0,0;0,0;0,0;0,0;0,0;0;0;0,0;0;0;0,00;0,00;0,0;0;
402;"panelita de leche de vaca";;;349;10,6;2,9;1,8;83;0,3;1,4;134;80;0,8;21;6;0;0,23;0;0;;;0;0,0;0,0;0,0;0,0;0,0;0,0;0;0;0,0;0;0;0,00;0,00;0,0;0;
"Anexo 1";"caramelos duros";;100;383;1;0;0;99;0;0;0;0;0;0;0;0;0;0;0;;;0;0,0;0,0;0,0;0,0;0,0;0,0;0;0;0,0;0;0;0,00;0,00;0,0;0;
"Anexo 1";"compota de manzana";;;92;75,7;0,2;0,1;23,3;0,5;0,2;4;5;0,5;40;4;0,02;0,01;0;1;;;0;0,0;0,0;0,0;0,0;0,0;0,0;0;0;0,0;0;0;0,00;0,00;0,0;0;
"Anexo 1";"chocolatina";;100;395;7,6;4;10,2;76,5;0,2;1,5;148;122;1,4;10;1;0,03;0,17;0,2;0;;;0;0,0;0,0;0,0;0,0;0,0;0,0;0;0;0,0;0;0;0,00;0,00;0,0;0;
;"ACEITES Y GRASAS";;;;;;;;;;;;;;;;;;;;;0;0,0;0,0;0,0;0,0;0,0;0,0;0;0;0,0;0;0;0,00;0,00;0,0;0;
403;"mantequilla";;100;732;15,6;1,2;82,2;0,9;0;0,1;22;20;0,2;4800;1170;0;0,01;0,1;0;;;0;0,0;0,0;0,0;0,0;0,0;0,0;0;0;0,0;0;0;0,00;0,00;0,0;0;
404;"margarina";"enriquecida";100;719;15,5;0,6;81;0,4;0;2,5;2;15;0,2;5000;500;0;0;0;0;;;0;0,0;0,0;0,0;0,0;0,0;0,0;0;0;0,0;0;0;0,00;0,00;0,0;0;
405;"aceite";;100;884;0;0;100;0;0;0;0;0;0;0;;0;0;0;0;15;;133;0,0;0,0;15,0;0,0;0,0;0,0;0;0;0,0;0;0;0,00;0,00;0,0;0;
"Anexo 1";"mayonesa";;;719;15,1;1,1;79,9;2,2;0;1,7;18;28;0,5;280;67;0,02;0,04;0;0;;;0;0,0;0,0;0,0;0,0;0,0;0,0;0;0;0,0;0;0;0,00;0,00;0,0;0;
;"REFRESCOS Y BEBIDAS";;;;;;;;;;;;;;;;;;;;;0;0,0;0,0;0,0;0,0;0,0;0,0;0;0;0,0;0;0;0,00;0,00;0,0;0;
409;"avena preparada";;;54;86,7;2;1;9,5;0,2;0,8;9;57;0,6;0;;0,08;0,02;0,1;0;;;0;0,0;0,0;0,0;0,0;0,0;0,0;0;0;0,0;0;0;0,00;0,00;0,0;0;
410;"café";"infusión sin azúcar";100;5;98,5;0,3;0,1;0,8;0;0,3;5;5;0,2;0;;0,01;0,01;0,9;0;;;0;0,0;0,0;0,0;0,0;0,0;0,0;0;0;0,0;0;0;0,00;0,00;0,0;0;
411;"cerveza";4%;100;19;91;0,2;0;4,6;0;0,2;0;15;0,1;0;;0;0,02;0,04;0;;;0;0,0;0,0;0,0;0,0;0,0;0,0;0;0;0,0;0;0;0,00;0,00;0,0;0;
413;"coca-cola";;100;44;88,2;0;0;11,5;0;0,3;0;20;0,2;0;;0;0;0;0;;;0;0,0;0,0;0,0;0,0;0,0;0,0;0;0;0,0;0;0;0,00;0,00;0,0;0;
415;"fresco Royal";"polvo";;380;1,6;9,4;0;88,7;0;0,3;0;0;0;0;0;0;0;0;0;;;0;0,0;0,0;0,0;0,0;0,0;0,0;0;0;0,0;0;0;0,00;0,00;0,0;0;
416;"gaseosa";;100;49;89;0;0;10,9;0;0,1;0;0;0,1;0;;0;0;0;0;;;0;0,0;0,0;0,0;0,0;0,0;0,0;0;0;0,0;0;0;0,00;0,00;0,0;0;
418;"helado de agua";;100;42;89;0;0;10,9;0;0,1;0;0;0,1;0;;0;0;0;0;;;0;0,0;0,0;0,0;0,0;0,0;0,0;0;0;0,0;0;0;0,00;0,00;0,0;0;
419;"helado de crema y azúcar";;100;205;62,8;5;12;20;0,1;0,1;150;120;0,4;300;72;0,04;0,12;0,1;0;;;0;0,0;0,0;0,0;0,0;0,0;0,0;0;0;0,0;0;0;0,00;0,00;0,0;0;
420;"helado de leche";;;61;84,5;0,4;0,2;14,8;0;0,1;18;18;0,2;20;5;0,04;0,05;0,4;0;;;0;0,0;0,0;0,0;0,0;0,0;0,0;0;0;0,0;0;0;0,00;0,00;0,0;0;
422;"Milo";;;426;5,3;13,8;11;68;0;1,9;400;450;5;2000;300;0,6;0,2;2,8;0;;;0;0,0;0,0;0,0;0,0;0,0;0,0;0;0;0,0;0;0;0,00;0,00;0,0;0;
423;"Nescafé";;;4;98,5;0,3;0,1;0,8;0;0,3;5;5;0,2;0;;0,01;0,01;0,9;0;;;0;0,0;0,0;0,0;0,0;0,0;0,0;0;0;0,0;0;0;0,00;0,00;0,0;0;
424;"Pony Malta";;;46;88,8;0,3;0;10,8;0;0,1;0;16;1,4;0;0;0,38;0,55;1,4;0;;;0;0,0;0,0;0,0;0,0;0,0;0,0;0;0;0,0;0;0;0,00;0,00;0,0;0;
427;"Té";"infusión sin azúcar";100;2;98,6;0,1;0,8;0;0;0,3;5;5;0,2;0;0;0;0,04;0,1;0;;;0;0,0;0,0;0,0;0,0;0,0;0,0;0;0;0,0;0;0;0,00;0,00;0,0;0;
;"CONDIMENTOS";;;;;;;;;;;;;;;;;;;;;0;0,0;0,0;0,0;0,0;0,0;0,0;0;0;0,0;0;0;0,00;0,00;0,0;0;
428;"ajo";"pulpa del diente";95;128;64,2;4,7;0,1;28,2;0,7;1,5;40;135;1,3;20;2;0,12;0,07;0,7;9;;;0;0,0;0,0;0,0;0,0;0,0;0,0;0;0;0,0;0;0;0,00;0,00;0,0;0;
432;"cebolla común";"tallo";40;26;91,6;1,2;0,1;5,3;1,3;0,5;27;31;0,4;0;0;0,04;0,04;0,4;15;;;0;0,0;0,0;0,0;0,0;0,0;0,0;0;0;0,0;0;0;0,00;0,00;0,0;0;
433;"cebolla";"cabezona";95;33;89,9;1,4;0,1;6,9;1,2;0,5;35;31;0,5;0;;0,04;0,03;0,2;10;;;0;0,0;0,0;0,0;0,0;0,0;0,0;0;0;0,0;0;0;0,00;0,00;0,0;0;
;"ALIMENTOS VARIOS";;;;;;;;;;;;;;;;;;;;;0;0,0;0,0;0,0;0,0;0,0;0,0;0;0;0,0;0;0;0,00;0,00;0,0;0;
441;"cafè";"tostado";25;384;5,9;14,2;14;53,8;7,6;4,5;150;200;5;0;0;0,07;0,1;15;0;;;0;0,0;0,0;0,0;0,0;0,0;0,0;0;0;0,0;0;0;0,00;0,00;0,0;0;
455;"empanadas de guiso";;100;268;45,5;5,5;15,8;29,9;0,4;2,9;12;36;5,9;0;0;0,13;0,06;2,8;0;;;0;0,0;0,0;0,0;0,0;0,0;0,0;0;0;0,0;0;0;0,00;0,00;0,0;0;
456;"sopa de arroz";"con verdura y carne";;67;84,8;3,7;2,2;8,1;0,3;0,9;9;23;1;63;6;0,01;0,05;0,3;0;;;0;0,0;0,0;0,0;0,0;0,0;0,0;0;0;0,0;0;0;0,00;0,00;0,0;0;
463;"tamal";"de maíz y guiso";;153;68,3;3,1;8,8;17,5;0,6;1,7;20;66;2,2;167;17;0,05;0,07;0,7;0;;;0;0,0;0,0;0,0;0,0;0,0;0,0;0;0;0,0;0;0;0,00;0,00;0,0;0;
472;"duraznos enlatados";;;55;84,1;0,4;0,1;14,7;0,4;0,3;4;13;0,3;440;44;0,01;0,03;0,6;3;;;0;0,0;0,0;0,0;0,0;0,0;0,0;0;0;0,0;0;0;0,00;0,00;0,0;0;
